[{
        "type" : "COMESTIBLE",
        "id" : "prepared_cereal",
        "name" : "cereal in milk",
        "weight" : 35,
        "color" : "yellow",
        "stim" : 4,
        "container" : "box_small",
        "comestible_type" : "FOOD",
        "symbol" : "%",
        "quench" : 10,
        "nutrition" : 20,
        "description" : "Cereal in milk! It's grrrreat!",
        "price" : 300,
		"phase": "liquid",
        "material" : [ "junk", "milk" ],       
		"volume" : 1,
        "charges" : 2,
		"spoils_in": 8,
        "fun" : 12    },
		
		{
        "type" : "COMESTIBLE",
        "id" : "cereal4",
        "name" : "chocolatey cereal",
        "weight" : 42,
        "color" : "brown",
        "stim" : 4,
        "container" : "box_small",
        "comestible_type" : "FOOD",
        "symbol" : "%",
        "quench" : -2,
        "nutrition" : 5,
        "description" : "A box of chocolate puff ball cereal. They'll make you coocoo!",
        "price" : 400,
        "material" : "junk",
        "volume" : 1,
        "charges" : 12,
        "fun" : 10
    },
	{
    "type" : "COMESTIBLE",
    "id" : "nuts_almond",
    "name" : "almonds",
    "name_plural" : "almonds",
    "weight" : 18,
    "color" : "brown",
    "container" : "bag_plastic",
    "comestible_type" : "FOOD",
    "symbol" : "%",
    "nutrition" : 2,
	"quench" : -1,
	"description" : "One of the most versatile nuts out there, almonds are good both for snacking and cooking. These are plain.",
	"price" : 120,
    "material" : "veggy",
    "volume" : 1,
    "charges" : 6,
    "fun" : 2
    },

{
    "type" : "COMESTIBLE",
    "id" : "nuts_pecan",
    "name" : "pecans",
    "name_plural" : "pecans",
    "weight" : 22,
    "color" : "brown",
    "container" : "bag_plastic",
    "comestible_type" : "FOOD",
    "symbol" : "%",
    "nutrition" : 3,
	"quench" : -1,
	"description" : "Ah, pecans. The crown jewel of nuts! These are plain.",
	"price" : 130,
    "material" : "veggy",
    "volume" : 1,
    "charges" : 6,
    "fun" : 2
    },

{
    "type" : "COMESTIBLE",
    "id" : "nuts_walnut",
    "name" : "walnuts",
    "name_plural" : "walnuts",
    "weight" : 24,
    "color" : "brown",
    "container" : "bag_plastic",
    "comestible_type" : "FOOD",
    "symbol" : "%",
    "nutrition" : 2,
	"quench" : -1,
	"description" : "A dark, brain-shaped nut that is vaguely meat-like in flavor. These are plain.",
	"price" : 125,
    "material" : "veggy",
    "volume" : 1,
    "charges" : 6,
    "fun" : 1    
	},

{
    "type" : "COMESTIBLE",
    "id" : "nuts_cashew",
    "name" : "cashews",
    "name_plural" : "cashews",
    "weight" : 20,
    "color" : "brown",
    "container" : "bag_plastic",
    "comestible_type" : "FOOD",
    "symbol" : "%",
    "nutrition" : 2,
	"quench" : -1,
	"description" : "Lung-shaped nuts that are a staple of any good trail mix. These are plain.",
	"price" : 120,
    "material" : "veggy",
    "volume" : 1,
    "charges" : 6,
    "fun" : 1
    },

{
    "type" : "COMESTIBLE",
    "id" : "nuts_peanut",
    "name" : "peanuts",
    "name_plural" : "peanuts",
    "weight" : 21,
    "color" : "brown",
    "container" : "bag_plastic",
    "comestible_type" : "FOOD",
    "symbol" : "%",
    "nutrition" : 2,
	"quench" : -1,
	"description" : "The iconic peanut. Bland by itself, but amazing in cooking! These are plain.",
    "price" : 120,
    "material" : "veggy",
    "volume" : 1,
    "charges" : 6,
    "fun" : 1
    },
{
        "type" : "COMESTIBLE",
        "id" : "nut_milk",
        "name" : "nut milk",
		"name_plural" : "nut milks",
        "weight" : 184,
        "color" : "brown",
        "container" : "bottle_plastic",
        "comestible_type" : "DRINK",
        "symbol" : "%",
        "quench" : 27,
        "healthy" : 5,
        "nutrition" : 4,
        "description" : "Milk from nuts. Very good for you, but very bland-tasting. Will keep forever.",
        "price" : 228,
        "material" : "veggy",
        "volume" : 1,
        "phase" : "liquid",
        "flags" : ["EATEN_COLD"]
    },
	{
        "type" : "COMESTIBLE",
        "id" : "nut_paste",
        "name" : "nut paste",
        "name_plural" : "nut pastes",
        "weight" : 40,
        "color" : "brown",
        "comestible_type" : "OTHER",
        "symbol" : "%",
        "nutrition" : 2,
		"healthy" : 1,
		 "spoils_in": 960,
        "description" : "The ground up soaked flesh of nuts after milk processing. Definitely not very appetizing in its current form.",
        "price" : 200,
        "material" : "veggy",
        "volume" : 1,
        "charges" : 4,
		"fun" : -2
    },
	{
		"type": "COMESTIBLE",
		"id" : "trail_mix",
		"name" : "trail mix",
		"name_plural" : "trail mixes",
		"weight" : 40,
		"color" : "brown",
		"comestible_type" : "FOOD",
		"price" : 600,
		"symbol" : "%",
		"nutrition" : 17,
		"quench" : -1,
		"healthy" : 3,
		"description" : "A mix of chopped and whole nuts, chocolate, and either sweet or salty seasoning. Good for your health!",
		"material" : ["veggy", "junk"],
		"charges" : 4,
		"volume" : 1
		}]