[ {
    "id": "lid_ceramicbowl",
    "type": "CONTAINER",
    "name": "ceramic bowl with lid",
    "description": "A shallow dessert bowl with an improvised plastic lid. Can be used as a container or as a tool. Holds 250 ml of liquid.",
    "weight": 400,
    "volume": 1,
    "price": 1000,
    "price_postapoc": 0,
    "bashing": 1,
    "material": "ceramic",
    "symbol": ",",
    "color": "yellow",
    "contains": 1,
	"seals": true,
    "watertight": true,
    "qualities": [ [ "CONTAIN", 1 ] ]
  },
  {
    "id": "lid_glassbowl",
    "type": "CONTAINER",
    "name": "glass bowl with lid",
    "description": "A glass dessert bowl with an improvised plastic lid. Can be used as a container or as a tool. Holds 250 ml of liquid.",
    "weight": 500,
    "volume": 1,
    "price": 800,
    "price_postapoc": 0,
    "bashing": 1,
    "material": "glass",
    "symbol": ",",
    "color": "cyan",
    "contains": 1,
	"seals": true,
    "watertight": true,
    "qualities": [ [ "CONTAIN", 1 ] ]
  },
  {
    "id": "lid_plasticbowl",
    "type": "CONTAINER",
    "category": "other",
    "name": "plastic bowl with lid",
    "description": "A plastic bowl with an improvised plastic lid.  Can be used as a container or as a tool.  Holds 250 ml of liquid.",
    "weight": 80,
    "volume": 1,
    "price": 100,
    "to_hit": 1,
    "material": "plastic",
    "symbol": ")",
    "color": "light_cyan",
    "contains": 1,
    "seals": true,
    "watertight": true,
	"qualities": [ [ "CONTAIN", 1 ] ]
  },
  {
    "id": "lid_pewterbowl",
    "type": "CONTAINER",
    "category": "other",
    "name": "pewter bowl with lid",
    "description": "A pewter bowl with an improvised plastic lid.  Can be used as a container or as a tool.  Holds 250 ml of liquid.",
    "weight": 50,
    "volume": 1,
    "price": 400,
    "to_hit": -1,
    "material": "steel",
    "symbol": ")",
    "color": "light_cyan",
    "contains": 1,
	"seals":true,
    "watertight": true,
    "qualities": [ [ "CONTAIN", 1 ] ]
  }
]