[ {
  "type" : "recipe",
  
"result": "prepared_cereal",
  
"category": "CC_FOOD",
  "subcategory": "CSC_FOOD_SNACK",
  "skill_used": "cooking",
  "difficulty": 1,
  "time": 500,
  "autolearn": true,
  "batch_time_factors":[20, 2],
  "qualities":[ {"id":"CONTAIN","level":1} ],
    "components": [[
    [ "milk", 1 ], 
	["con_milk", 1 ],
	["nut_milk", 1]],
    
	[
    [ "cereal", 1 ],
    [ "cereal2", 1 ],
	[ "cereal3", 1 ], 
	[ "cereal4", 1 ]]]
},
{
    "result": "nut_milk",
    "type": "recipe",
    "id_suffix": "with_food_processor",
    "category": "CC_FOOD",
    "subcategory": "CSC_FOOD_OTHER",
    "skill_used": "cooking",
    "difficulty": 2,
    "time": 10000,
    "autolearn": true,
	"result_mult": 2,
	"byproducts": [ [ "nut_paste" ] ],
    "tools": [ [ [ "food_processor", 20 ] ] ],
    "components": [[  
	[ "nuts_almond", 3 ], [ "nuts_pecan", 3 ], [ "nuts_walnut", 3 ], [ "nuts_cashew", 3 ], [ "nuts_peanut", 3 ] ],
	
	[ [ "water", 2], ["water_clean", 2] ],
	
	[ [ "rag", 1] ] ]
  },
{
	"result": "trail_mix",
	"type": "recipe",
	"category": "CC_FOOD",
	"subcategory": "CSC_FOOD_SNACK",
	"skill_used": "cooking",
	"difficulty": 2,
	"time": 5000,
	"autolearn": true,
	"result_mult": 4,
	"qualities": [ {"id": "CUT", "level":1} ],
	"components": [
	[["nuts_almond", 2 ], ["nuts_pecan", 2 ]],
	[["nuts_walnut", 2 ], ["nuts_cashew", 2]],
	[["nuts_peanut", 2]],
	[["salt", 4], ["seasoning_salt", 2], ["sugar", 4], ["honey_bottled", 2], ["honey_glassed", 2], ["honey_gold", 2]],
	[["candy", 2], ["candy2", 2]] ]
	}
]