[
{
    "id": "tray",
    "type": "CONTAINER",
    "category": "other",
    "name": "deli tray",
    "description": "A plastic deli tray with a fitted transparent plastic lid. Commonly used to display and transport individual meals such as sandwiches and chow mein.",
    "weight": 6,
    "volume": 1,
    "price": 0,
    "to_hit": -2,
    "rigid": false,
    "material": "plastic",
    "symbol": ",",
    "color": "black",
    "contains": 8,
	"seals":true,
    "watertight": true,
    "flags": "TRADER_AVOID"
  },
  {
    "id": "platter",
    "type": "CONTAINER",
    "category": "other",
    "name": "deli platter",
    "description": "A round plastic deli platter with a tall fitted transparent plastic lid. Normally used for larger displays like cheesecake and samplers.",
    "weight": 6,
    "volume": 1,
    "price": 0,
    "to_hit": -2,
    "rigid": false,
    "material": "plastic",
    "symbol": ",",
    "color": "black",
    "contains": 12,
	"seals":true,
    "watertight": true,
    "flags": "TRADER_AVOID" 
  },
  {
    "id": "case_plastic",
    "type": "CONTAINER",
    "category": "other",
    "name": "rigid plastic case",
    "description": "A large, rigid plastic case normally used to store 30 day emergency food supplies or cat litter.",
    "weight": 20,
    "volume": 4,
    "price": 2000,
    "to_hit": -2,
    "rigid": true,
    "material": "plastic",
    "symbol": ",",
    "color": "black",
    "contains": 24,
	"seals":true,
    "watertight": true
  },
  {
    "id": "tub",
    "type": "CONTAINER",
    "category": "other",
    "name": "plastic tub",
    "description": "A wide-mouthed plastic tub with a screw-on lid. Normally used for storing dry powder.",
    "weight": 20,
    "volume": 4,
    "price": 2000,
    "to_hit": -2,
    "rigid": true,
    "material": "plastic",
    "symbol": ",",
    "color": "black",
    "contains": 12,
	"seals":true,
    "watertight": true
  },
  {
    "id": "dcup",
    "type": "CONTAINER",
    "category": "other",
    "name": "large plastic cup",
    "description": "A clear plastic cup with a wide mouth and fitted lid. Normally used for holding individual deli soup and salad servings.",
    "weight": 20,
    "volume": 4,
    "price": 2000,
    "to_hit": -2,
    "rigid": false,
    "material": "plastic",
    "symbol": ",",
    "color": "black",
    "contains": 8,
	"seals":true,
    "watertight": true
  }
  ]