[
  {
    "type": "mapgen",
    "method": "json",
    "om_terrain": [ "s_grocery" ],
    "weight": 1000,
    "object": {
      "rows": [
        "                        ",
        "                        ",
        "  ---:::---++---:::---  ",
        "  |..................|  ",
        "  |..................|  ",
        "  |..#..{#..{#..{#..{|  ",
        "  |..#..{#..{#..{#..{|  ",
        "  |..#..{#..{#..{#..{|  ",
        "  |..................|  ",
        "  |..................|  ",
        "  |&..{{..{{..{{....{|  ",
        "  |&..{{..{{..{{..{{{|  ",
        "  |&..{{..{{..{{....{|  ",
        "  |&..{{..{{..{{....{|  ",
        "  |&..{{..{{..{{..{{{|  ",
        "  |&..{{..{{..{{....{|  ",
        "  |..................|  ",
        "  |..................|  ",
        "  |---|.........#####|  ",
        "  |...|.........#....|  ",
        "  |...+.&&&&&&&....&&|  ",
        "  --------------------  ",
        "                        ",
        "                        "
      ],
      "terrain": {
        " ": [ "t_grass", "t_grass", "t_grass", "t_dirt" ],
        "#": "t_floor",
        "&": "t_floor",
        "+": "t_door_c",
        "-": "t_wall",
        ".": "t_floor",
        ":": "t_window",
        "{": "t_floor",
        "|": "t_wall"
      },
      "furniture": {
        "#": "f_counter",
        "&": "f_glass_fridge",
        "{": "f_rack"
      },
      "place_items": [
        { "item": "fridgesnacks", "x": 3, "y": [ 10, 15 ], "chance": 65, "repeat": [ 1, 3 ] },
        { "item": "fridge", "x": [ 8, 14 ], "y": 20, "chance": 70, "repeat": [ 1, 3 ] },
		 { "item": "delibake", "x": [ 8, 14 ], "y": 20, "chance": 40, "repeat": [ 1, 3 ] },
        { "item": "fridge", "x": [ 19, 20 ], "y": 20, "chance": 50, "repeat": [ 1, 3 ] },
		  { "item": "delibake", "x": [ 19, 20 ], "y": 20, "chance": 40, "repeat": [ 1, 3 ] },
        { "item": "softdrugs", "x": 6, "y": [ 10, 15 ], "chance": 55, "repeat": [ 1, 3 ] },
        { "item": "cleaning", "x": 7, "y": [ 10, 15 ], "chance": 88, "repeat": [ 1, 3 ] },
        { "item": "kitchen", "x": 10, "y": [ 10, 15 ], "chance": 75, "repeat": [ 1, 3 ] },
        { "item": "snacks", "x": 11, "y": [ 10, 15 ], "chance": 78, "repeat": [ 1, 3 ] },
        { "item": "cannedfood", "x": 14, "y": [ 10, 15 ], "chance": 80, "repeat": [ 1, 3 ] },
        { "item": "pasta", "x": 15, "y": [ 10, 15 ], "chance": 74, "repeat": [ 1, 3 ] },
        { "item": "produce", "x": 20, "y": [ 10, 15 ], "chance": 60, "repeat": [ 1, 3 ] },
		 { "item": "delibake", "x": 20, "y": [ 10, 15 ], "chance": 20, "repeat": [ 1, 3 ] },
        { "item": "produce", "x": [ 18, 19 ], "y": 11, "chance": 50, "repeat": [ 1, 3 ] },
		 { "item": "delibake", "x": [ 18, 19 ], "y": 11, "chance": 20, "repeat": [ 1, 3 ] },
        { "item": "produce", "x": [ 18, 20 ], "y": 13, "chance": 50, "repeat": [ 1, 3 ] },
		 { "item": "delibake", "x": [ 18, 20 ], "y": 13, "chance": 20, "repeat": [ 1, 3 ] },
        { "item": "snacks", "x": 8, "y": [ 5, 6 ], "chance": 50, "repeat": 1 },
		 { "item": "littledebbie", "x": 8, "y": [ 5, 6 ], "chance": 20, "repeat": 1 },
        { "item": "magazines", "x": 8, "y": 7, "chance": 70, "repeat": 1 },
        { "item": "snacks", "x": 12, "y": [ 5, 6 ], "chance": 50, "repeat": 1 },
		 { "item": "littledebbie", "x": 12, "y": [ 5, 6 ], "chance": 20, "repeat": 1 },
        { "item": "magazines", "x": 12, "y": 7, "chance": 70, "repeat": 1 },
        { "item": "snacks", "x": 16, "y": [ 5, 6 ], "chance": 50, "repeat": 1 },
		 { "item": "littledebbie", "x": 16, "y": [ 5, 6 ], "chance": 20, "repeat": 1 },
        { "item": "magazines", "x": 16, "y": 7, "chance": 70, "repeat": 1 },
        { "item": "snacks", "x": 20, "y": [ 5, 6 ], "chance": 50, "repeat": 1 },
		 { "item": "littledebbie", "x": 20, "y": [ 5, 6 ], "chance": 20, "repeat": 1 },
        { "item": "magazines", "x": 20, "y": 7, "chance": 70, "repeat": 1 }
      ],
      "place_monsters": [
        { "monster": "GROUP_GROCERY", "x": [ 0, 0 ], "y": [ 23, 23 ], "chance": 2, "repeat": [ 2, 3 ] },
        { "monster": "GROUP_ROACH", "x": [ 2, 21 ], "y": [ 2, 21 ], "chance": 20 }
      ],
      "vehicles": {
        ".": { "vehicle": "shopping_cart", "chance": 1, "status": 1 }
      }
    }
  }
]
