[
{
    "type"  : "item_group",
    "id"    : "delibake",
    "items" : [

	  ["cheesecake1",     5],
	  ["cheesecake2",     5],
	  ["cheesecake3",     5],
	  ["deli1", 5],
	  ["deli2", 5],
	  ["deli3", 5],
	  ["deli4", 5],
	  ["deli5", 5],
	  ["deli6", 5],
	  ["deli7", 5],
	  ["deli8", 5],
	  ["deli9", 5],
	  ["deli10", 5],
	  ["deli11", 5],
	  ["deli12", 5],
	  ["deli13", 5],
	  ["deli14", 5],
	  ["deli15", 5],
	  ["deli16", 5],
	  ["deli17", 5],
	  ["deli18", 5],
	  ["dchicken1",       5],
	  ["dchicken2",       5],
	  ["dchicken3",       5],
	  ["dchicken4",       5],
	  ["dchicken5",       5],
	  ["delitray1",       5],
	  ["delitray2",       5],
	  ["delitray3",       5],
	  ["delitray4",       5],
	  ["bakery1",         5],
	  ["bakery2",         5],
	  ["bakery3",         5],
	  ["bakery4",         5],
	  ["bakery5",         5],
	  ["bakery6",         5],
	  ["bakery7",         5],
	  ["bakery8",         5],
	  ["bakery9",         5],
	  ["bakery10",        5],
	  ["bakery11",        5],
	  ["bakery12",        5],
	  ["bakery13",        5],
	  ["bakery14",        5],
	  ["bakery15",        5],
	  ["bakery16",        5],
	  ["bakery17",        5],
	  ["bakery18",        5],
	  ["bakery19",        5],
	  ["bakery20",        5],
	  ["bakery21",        5],
	  ["bakery22",        5],
	  ["bakery23",        5],
	  ["bakery24",        5],
	  ["bakery25",        5],
	  ["bakery26",        5],
	  ["bakery27",        5],
	  ["bakery28",        5],
	  ["chinese1",        5],
	  ["chinese2",        5],
	  ["chinese3",        5],
	  ["chinese4",        5],
	  ["chinese5",        5],
	  ["chinese6",        5],
	  ["chinese7",        5],
	  ["chinese8",        5],
	  ["chinese9",        5],
	  ["chinese10",        5],
	  ["chinese11",        5],
	  ["chinese12",        5],
	  ["chinese13",        5],
	  ["chinese14",        5],
	  ["chinese15",        5],
	  ["chinese16",        5],
	  ["chinese17",        5],
	  ["chinese18",        5]
	  ]
  },
  {
  "type"  : "item_group",
    "id"    : "littledebbie",
    "items" : [
	["littledebbie1", 5],
	["littledebbie2", 5],
	["littledebbie3", 5],
	["littledebbie4", 5],
	["littledebbie5", 5],
	["littledebbie6", 5],
	["littledebbie7", 5],
	["littledebbie8", 5],
	["littledebbie9", 5],
	["littledebbie10", 5]
	]
	}
	
  ]